id,code,img,title
19807,GN0400,https://cdnimg.melon.co.kr/cm/album/images/000/02/393/2393_500.jpg/melon/resize/120/quality/80/optimize,벌써일년
72689,GN0700,https://cdnimg.melon.co.kr/cm/album/images/000/04/899/4899_500.jpg/melon/resize/120/quality/80/optimize,바람의노래
418168,GN0100,https://cdnimg.melon.co.kr/cm/album/images/000/28/985/28985_500.jpg/melon/resize/120/quality/80/optimize,희재
418598,GN0400,https://cdnimg.melon.co.kr/cm/album/images/000/26/396/26396_500.jpg/melon/resize/120/quality/80/optimize,친구라도될걸그랬어
420534,GN0400,https://cdnimg.melon.co.kr/cm/album/images/000/27/516/27516_500.jpg/melon/resize/120/quality/80/optimize,체념
519620,GN0400,https://cdnimg.melon.co.kr/cm/album/images/000/34/289/34289_500.jpg/melon/resize/120/quality/80/optimize,...사랑했잖아...
522852,GN0300,https://cdnimg.melon.co.kr/cm/album/images/000/34/486/34486_500.jpg/melon/resize/120/quality/80/optimize,너에게쓰는편지(Feat.린)
531840,GN0300,https://cdnimg.melon.co.kr/cm/album/images/000/35/102/35102_500.jpg/melon/resize/120/quality/80/optimize,Y(PleaseTellMeWhy)
665226,GN0400,https://cdnimg.melon.co.kr/cm/album/images/000/47/037/47037_500.jpg/melon/resize/120/quality/80/optimize,귀로
844269,GN0700,https://cdnimg.melon.co.kr/cm/album/images/003/02/749/302749_500.jpg/melon/resize/120/quality/80/optimize,사랑아
1121123,GN0100,https://cdnimg.melon.co.kr/cm/album/images/003/14/795/314795_500.jpg/melon/resize/120/quality/80/optimize,사랑은봄비처럼...이별은겨울비처럼...
1489805,GN0400,https://cdnimg.melon.co.kr/cm/album/images/003/31/377/331377_500.jpg/melon/resize/120/quality/80/optimize,MustHaveLove
1556553,GN0300,https://cdnimg.melon.co.kr/cm/album/images/003/42/967/342967_500.jpg/melon/resize/120/quality/80/optimize,LoveLoveLove(Feat.YoongJinOfCasker)
1637914,GN0300,https://cdnimg.melon.co.kr/cm/album/images/003/51/473/351473_500.jpg/melon/resize/120/quality/80/optimize,Ballerino
1698598,GN0300,https://cdnimg.melon.co.kr/cm/album/images/003/55/853/355853_500.jpg/melon/resize/120/quality/80/optimize,거짓말
1765767,GN0300,https://cdnimg.melon.co.kr/cm/album/images/003/60/994/360994_500.jpg/melon/resize/120/quality/80/optimize,마지막인사
1850253,GN0300,https://cdnimg.melon.co.kr/cm/album/images/003/76/100/376100_500.jpg/melon/resize/120/quality/80/optimize,우산(Feat.윤하)
1913501,GN0300,https://cdnimg.melon.co.kr/cm/album/images/003/92/870/392870_500.jpg/melon/resize/120/quality/80/optimize,하루하루
2312253,GN0300,https://cdnimg.melon.co.kr/cm/album/images/006/82/952/682952_500.jpg/melon/resize/120/quality/80/optimize,"헤어지지못하는여자,떠나가지못하는남자(Feat.정인)"
2314377,GN0300,https://cdnimg.melon.co.kr/cm/album/images/006/84/955/684955_500.jpg/melon/resize/120/quality/80/optimize,죽일놈(Guilty)
2710613,GN0700,https://cdnimg.melon.co.kr/cm/album/images/009/16/260/916260_500.jpg/melon/resize/120/quality/80/optimize,초혼
2733249,GN0300,https://cdnimg.melon.co.kr/cm/album/images/009/35/651/935651_500.jpg/melon/resize/120/quality/80/optimize,죽을만큼아파서(Feat.멜로우)
2951700,GN0300,https://cdnimg.melon.co.kr/cm/album/images/010/30/195/1030195_500.jpg/melon/resize/120/quality/80/optimize,그땐그땐그땐
3170749,GN0300,https://cdnimg.melon.co.kr/cm/album/images/011/96/552/1196552_500.jpg/melon/resize/120/quality/80/optimize,OfficiallyMissingYou
3726617,GN0300,https://cdnimg.melon.co.kr/cm/album/images/020/89/047/2089047_500.jpg/melon/resize/120/quality/80/optimize,자니(Feat.DynamicDuo)
3853980,GN0300,https://cdnimg.melon.co.kr/cm/album/images/021/37/275/2137275_500.jpg/melon/resize/120/quality/80/optimize,어땠을까(Feat.박정현)
3896698,GN0700,https://cdnimg.melon.co.kr/cm/album/images/021/49/029/2149029_500.jpg/melon/resize/120/quality/80/optimize,안동역에서
3910821,GN0400,https://cdnimg.melon.co.kr/cm/album/images/021/50/856/2150856_500.jpg/melon/resize/120/quality/80/optimize,바람기억
4182990,GN0700,https://cdnimg.melon.co.kr/cm/album/images/021/93/965/2193965_500.jpg/melon/resize/120/quality/80/optimize,아모르파티
4205993,GN0400,https://cdnimg.melon.co.kr/cm/album/images/021/96/906/2196906_500.jpg/melon/resize/120/quality/80/optimize,갖고놀래(Feat.다이나믹듀오)
4232200,GN0300,https://cdnimg.melon.co.kr/cm/album/images/021/99/192/2199192_500.jpg/melon/resize/120/quality/80/optimize,삐딱하게(Crooked)
4275834,GN0700,https://cdnimg.melon.co.kr/cm/album/images/022/10/535/2210535_500.jpg/melon/resize/120/quality/80/optimize,사랑찾아인생찾아
4352438,GN0100,https://cdnimg.melon.co.kr/cm/album/images/022/19/671/2219671_500.jpg/melon/resize/120/quality/80/optimize,첫눈
4433490,GN0400,https://cdnimg.melon.co.kr/cm/album/images/022/30/890/2230890_500.jpg/melon/resize/120/quality/80/optimize,썸(Feat.릴보이Of긱스)
4446485,GN0100,https://cdnimg.melon.co.kr/cm/album/images/022/32/505/2232505_500.jpg/melon/resize/120/quality/80/optimize,너의모든순간
4594680,GN0400,https://cdnimg.melon.co.kr/cm/album/images/022/50/420/2250420_500.jpg/melon/resize/120/quality/80/optimize,요즘바쁜가봐
5450271,GN0700,https://cdnimg.melon.co.kr/cm/album/images/022/89/464/2289464_500.jpg/melon/resize/120/quality/80/optimize,산다는건(CheerUp)
5650996,GN0300,https://cdnimg.melon.co.kr/cm/album/images/023/12/287/2312287_500.jpg/melon/resize/120/quality/80/optimize,우연히봄
5716847,GN0700,https://cdnimg.melon.co.kr/cm/album/images/023/21/181/2321181_500.jpg/melon/resize/120/quality/80/optimize,보릿고개
8005879,GN0400,https://cdnimg.melon.co.kr/cm/album/images/026/60/715/2660715_500.jpg/melon/resize/120/quality/80/optimize,Dream(Prod.by박근태)
8026677,GN0400,https://cdnimg.melon.co.kr/cm/album/images/026/63/424/2663424_500.jpg/melon/resize/120/quality/80/optimize,잊어버리지마(Feat.태연)
8086947,GN0400,https://cdnimg.melon.co.kr/cm/album/images/026/71/866/2671866_500.jpg/melon/resize/120/quality/80/optimize,한숨
8109412,GN0400,https://cdnimg.melon.co.kr/cm/album/images/026/74/623/2674623_500.jpg/melon/resize/120/quality/80/optimize,D(halfmoon)(Feat.개코)
8233373,GN0400,https://cdnimg.melon.co.kr/cm/album/images/026/92/170/2692170_500.jpg/melon/resize/120/quality/80/optimize,Byebyemyblue
8271355,GN0300,https://cdnimg.melon.co.kr/cm/album/images/026/88/360/2688360_500.jpg/melon/resize/120/quality/80/optimize,"AndJuly(Feat.DEAN,DJFriz)"
30049271,GN0400,https://cdnimg.melon.co.kr/cm/album/images/100/08/163/10008163_500.jpg/melon/resize/120/quality/80/optimize,"AllIWannaDo(K)(Feat.Hoody,Loco)"
30157753,GN0400,https://cdnimg.melon.co.kr/cm/album/images/100/24/106/10024106_500.jpg/melon/resize/120/quality/80/optimize,Beautiful
30177124,GN0700,https://cdnimg.melon.co.kr/cm/album/images/100/27/181/10027181_500.jpg/melon/resize/120/quality/80/optimize,내이름아시죠
30244931,GN0300,https://cdnimg.melon.co.kr/cm/album/images/100/37/969/10037969_500.jpg/melon/resize/120/quality/80/optimize,봄날
30461396,GN0400,https://cdnimg.melon.co.kr/cm/album/images/100/69/644/10069644_500.jpg/melon/resize/120/quality/80/optimize,"무제(無題)(Untitled,2014)"
30492279,GN0400,https://cdnimg.melon.co.kr/cm/album/images/100/74/454/10074454_500.jpg/melon/resize/120/quality/80/optimize,비도오고그래서(Feat.신용재)
30607447,GN0700,https://cdnimg.melon.co.kr/cm/album/images/100/92/319/10092319_500.jpg/melon/resize/120/quality/80/optimize,고맙소
30613202,GN0300,https://cdnimg.melon.co.kr/cm/album/images/100/93/389/10093389_500.jpg/melon/resize/120/quality/80/optimize,시차(WeAre)(Feat.로꼬&GRAY)
30660283,GN0300,https://cdnimg.melon.co.kr/cm/album/images/101/00/658/10100658_500.jpg/melon/resize/120/quality/80/optimize,Jasmine
30732377,GN0400,https://cdnimg.melon.co.kr/cm/album/images/101/11/920/10111920_500.jpg/melon/resize/120/quality/80/optimize,Boat
30806580,GN0400,https://cdnimg.melon.co.kr/cm/album/images/101/22/929/10122929_500.jpg/melon/resize/120/quality/80/optimize,instagram
30809895,GN0400,https://cdnimg.melon.co.kr/cm/album/images/101/23/639/10123639_500.jpg/melon/resize/120/quality/80/optimize,미안해
30877002,GN0100,https://cdnimg.melon.co.kr/cm/album/images/101/36/251/10136251_500.jpg/melon/resize/120/quality/80/optimize,눈사람
30948698,GN0400,https://cdnimg.melon.co.kr/cm/album/images/101/47/314/10147314_500.jpg/melon/resize/120/quality/80/optimize,꽃길
30962526,GN0100,https://cdnimg.melon.co.kr/cm/album/images/101/49/492/10149492_500.jpg/melon/resize/120/quality/80/optimize,"모든날,모든순간(Everyday,EveryMoment)"
31249401,GN0400,https://cdnimg.melon.co.kr/cm/album/images/101/94/744/10194744_500.jpg/melon/resize/120/quality/80/optimize,josee!
31295312,GN0300,https://cdnimg.melon.co.kr/cm/album/images/102/02/362/10202362_500.jpg/melon/resize/120/quality/80/optimize,Trip(Feat.Hannah)
31344113,GN0300,https://cdnimg.melon.co.kr/cm/album/images/102/10/198/10210198_500.jpg/melon/resize/120/quality/80/optimize,시간이들겠지(Feat.Colde)
31368699,GN0700,https://cdnimg.melon.co.kr/cm/album/images/102/14/084/10214084_500.jpg/melon/resize/120/quality/80/optimize,니가왜거기서나와(Narr.고은아)
31655897,GN0700,https://cdnimg.melon.co.kr/cm/album/images/102/59/010/10259010_500.jpg/melon/resize/120/quality/80/optimize,오늘밤에
31657932,GN0700,https://cdnimg.melon.co.kr/cm/album/images/102/59/403/10259403_500.jpg/melon/resize/120/quality/80/optimize,목포행완행열차
31657937,GN0700,https://cdnimg.melon.co.kr/cm/album/images/102/59/403/10259403_500.jpg/melon/resize/120/quality/80/optimize,사랑참
31742666,GN0100,https://cdnimg.melon.co.kr/cm/album/images/102/74/611/10274611_500.jpg/melon/resize/120/quality/80/optimize,나무
31853557,GN0400,https://cdnimg.melon.co.kr/cm/album/images/102/94/603/10294603_500.jpg/melon/resize/120/quality/80/optimize,오늘도빛나는너에게(ToYouMyLight)(Feat.이라온)
31893681,GN0400,https://cdnimg.melon.co.kr/cm/album/images/103/01/811/10301811_500.jpg/melon/resize/120/quality/80/optimize,"괜찮아도괜찮아(That\"sokay)"
31918235,GN0700,https://cdnimg.melon.co.kr/cm/album/images/103/05/694/10305694_500.jpg/melon/resize/120/quality/80/optimize,평행선
32061975,GN0100,https://cdnimg.melon.co.kr/cm2/album/images/103/31/947/10331947_500.jpg/melon/resize/120/quality/80/optimize,"어떻게이별까지사랑하겠어,널사랑하는거지"
32145248,GN0700,https://cdnimg.melon.co.kr/cm2/album/images/103/46/934/10346934_500.jpg/melon/resize/120/quality/80/optimize,서울의달
32224272,GN0300,https://cdnimg.melon.co.kr/cm2/album/images/103/59/162/10359162_500.jpg/melon/resize/120/quality/80/optimize,METEOR
32243273,GN0400,https://cdnimg.melon.co.kr/cm2/album/images/103/62/776/10362776_20191210144641_500.jpg/melon/resize/120/quality/80/optimize,Square(2017)
32307439,GN0300,https://cdnimg.melon.co.kr/cm2/album/images/103/73/988/10373988_20200109140720_500.jpg/melon/resize/120/quality/80/optimize,NerdyLove(Feat.백예린)
32323330,GN0700,https://cdnimg.melon.co.kr/cm2/album/images/103/77/157/10377157_20200117113740_500.jpg/melon/resize/120/quality/80/optimize,바램
32323333,GN0700,https://cdnimg.melon.co.kr/cm2/album/images/103/77/157/10377157_20200117113740_500.jpg/melon/resize/120/quality/80/optimize,진또배기
32341095,GN0700,https://cdnimg.melon.co.kr/cm2/album/images/103/80/994/10380994_20200130104559_500.jpg/melon/resize/120/quality/80/optimize,막걸리한잔
32397381,GN0700,https://cdnimg.melon.co.kr/cm2/album/images/103/91/899/10391899_20200221103027_500.jpg/melon/resize/120/quality/80/optimize,어느60대노부부이야기
32457751,GN0700,https://cdnimg.melon.co.kr/cm2/album/images/104/02/513/10402513_20200313112215_500.jpg/melon/resize/120/quality/80/optimize,찐이야
32508053,GN0700,https://cdnimg.melon.co.kr/cm2/album/images/104/12/319/10412319_20200403103006_500.jpg/melon/resize/120/quality/80/optimize,이제나만믿어요
32626922,GN0700,https://cdnimg.melon.co.kr/cm2/album/images/104/36/135/10436135_20200527160726_500.jpg/melon/resize/120/quality/80/optimize,시절인연(時節因緣)
32698101,GN0300,https://cdnimg.melon.co.kr/cm2/album/images/104/47/520/10447520_20200619123343_500.jpg/melon/resize/120/quality/80/optimize,OHAYOMYNIGHT
32790874,GN0300,https://cdnimg.melon.co.kr/cm2/album/images/104/62/855/10462855_20200717153814_500.jpg/melon/resize/120/quality/80/optimize,"Rainyday(Feat.ASHISLAND,SkinnyBrown)"
32866582,GN0700,https://cdnimg.melon.co.kr/cm2/album/images/104/77/865/10477865_20200819145718_500.jpg/melon/resize/120/quality/80/optimize,테스형!
33070223,GN0700,https://cdnimg.melon.co.kr/cm2/album/images/105/19/994/10519994_20201118144036_500.jpg/melon/resize/120/quality/80/optimize,돼지토끼
33241003,GN0100,https://cdnimg.melon.co.kr/cm2/album/images/105/54/647/10554647_20210127173809_500.jpg/melon/resize/120/quality/80/optimize,그대작은나의세상이되어
33334136,GN0300,https://cdnimg.melon.co.kr/cm2/album/images/105/74/149/10574149_20210305155403_500.jpg/melon/resize/120/quality/80/optimize,FLYINGHIGHWITHU
33337651,GN0700,https://cdnimg.melon.co.kr/cm2/album/images/105/75/005/10575005_20210309113840_500.jpg/melon/resize/120/quality/80/optimize,별빛같은나의사랑아
33411344,GN0100,https://cdnimg.melon.co.kr/cm2/album/images/105/92/109/10592109_20210413181735_500.jpg/melon/resize/120/quality/80/optimize,봄내음보다너를
33496587,GN0100,https://cdnimg.melon.co.kr/cm2/album/images/106/10/525/10610525_20210518143433_500.jpg/melon/resize/120/quality/80/optimize,다정히내이름을부르면
33503722,GN0400,https://cdnimg.melon.co.kr/cm2/album/images/106/11/845/10611845_20210520170350_500.jpg/melon/resize/120/quality/80/optimize,헤픈우연
33855085,GN0100,https://cdnimg.melon.co.kr/cm2/album/images/106/92/255/10692255_20210825184324_500.jpg/melon/resize/120/quality/80/optimize,가까운듯먼그대여
33976677,GN0400,https://cdnimg.melon.co.kr/cm2/album/images/107/16/174/10716174_20210916153439_500.jpg/melon/resize/120/quality/80/optimize,찰나가영원이될때(TheEternalMoment)
33978183,GN0400,https://cdnimg.melon.co.kr/cm2/album/images/107/16/399/10716399_20210916173429_500.jpg/melon/resize/120/quality/80/optimize,너를생각해
34061322,GN0100,https://cdnimg.melon.co.kr/cm2/album/images/107/35/654/10735654_20211008114339_500.jpg/melon/resize/120/quality/80/optimize,사랑은늘도망가
34360855,GN0100,https://cdnimg.melon.co.kr/cm2/album/images/108/01/677/10801677_20211202181813_500.jpg/melon/resize/120/quality/80/optimize,눈이오잖아(Feat.헤이즈)
34451383,GN0100,https://cdnimg.melon.co.kr/cm2/album/images/108/21/699/10821699_20231205103724_500.jpg/melon/resize/120/quality/80/optimize,인사
34518500,GN0400,https://cdnimg.melon.co.kr/cm2/album/images/108/37/317/10837317_20220110145758_500.jpg/melon/resize/120/quality/80/optimize,PolaroidLove
34657844,GN0100,https://cdnimg.melon.co.kr/cm2/album/images/108/71/162/10871162_20220217162422_500.jpg/melon/resize/120/quality/80/optimize,사랑인가봐
34701816,GN0300,https://cdnimg.melon.co.kr/cm2/album/images/108/80/569/10880569_20220225143552_500.jpg/melon/resize/120/quality/80/optimize,존재만으로
34752757,GN0100,https://cdnimg.melon.co.kr/cm2/album/images/108/90/011/10890011_20220311131037_500.jpg/melon/resize/120/quality/80/optimize,"힙합보단사랑,사랑보단돈(Feat.베이식)"
34875621,GN0300,https://cdnimg.melon.co.kr/cm2/album/images/109/16/904/10916904_20220412101049_500.jpg/melon/resize/120/quality/80/optimize,LOVEme
34908740,GN0100,https://cdnimg.melon.co.kr/cm2/album/images/109/23/444/10923444_20220502140600_500.jpg/melon/resize/120/quality/80/optimize,우리들의블루스
34927767,GN0400,https://cdnimg.melon.co.kr/cm2/album/images/109/25/762/10925762_20220419152007_500.jpg/melon/resize/120/quality/80/optimize,정이라고하자(Feat.10CM)
35008524,GN0100,https://cdnimg.melon.co.kr/cm2/album/images/109/23/444/10923444_20220502140600_500.jpg/melon/resize/120/quality/80/optimize,다시만날수있을까
35008530,GN0700,https://cdnimg.melon.co.kr/cm2/album/images/109/23/444/10923444_20220502140600_500.jpg/melon/resize/120/quality/80/optimize,보금자리
35018129,GN0400,https://cdnimg.melon.co.kr/cm2/album/images/109/41/011/10941011_20220503153950_500.jpg/melon/resize/120/quality/80/optimize,Vancouver
35299693,GN0300,https://cdnimg.melon.co.kr/cm2/album/images/109/84/354/10984354_20220615140704_500.jpg/melon/resize/120/quality/80/optimize,Summer(Feat.BE’O(비오))
35454426,GN0200,https://cdnimg.melon.co.kr/cm2/album/images/110/11/565/11011565_20220801102637_500.jpg/melon/resize/120/quality/80/optimize,HypeBoy
35945927,GN0200,https://cdnimg.melon.co.kr/cm2/album/images/111/27/145/11127145_20231213133532_500.jpg/melon/resize/120/quality/80/optimize,Ditto
36080040,GN0700,https://cdnimg.melon.co.kr/cm2/album/images/111/58/680/11158680_20230126215913_500.jpg/melon/resize/120/quality/80/optimize,떠날수없는당신
36241810,GN0700,https://cdnimg.melon.co.kr/cm2/album/images/111/94/812/11194812_20230303095926_500.jpg/melon/resize/120/quality/80/optimize,지나야
36263286,GN0700,https://cdnimg.melon.co.kr/cm2/album/images/111/99/993/11199993_20230309152904_500.jpg/melon/resize/120/quality/80/optimize,깜빡이를키고오세요
36356993,GN0200,https://cdnimg.melon.co.kr/cm2/album/images/112/11/297/11211297_20230410151046_500.jpg/melon/resize/120/quality/80/optimize,IAM
36382580,GN0100,https://cdnimg.melon.co.kr/cm2/album/images/112/27/533/11227533_20230419162238_500.jpg/melon/resize/120/quality/80/optimize,헤어지자말해요
36617841,GN0200,https://cdnimg.melon.co.kr/cm2/album/images/112/86/070/11286070_20230713181059_500.jpg/melon/resize/120/quality/80/optimize,Seven(feat.Latto)-CleanVer.
36695861,GN0300,https://cdnimg.melon.co.kr/cm2/album/images/113/04/600/11304600_20230811140259_500.jpg/melon/resize/120/quality/80/optimize,거리에서(Feat.ASHISLAND)
36699489,GN0100,https://cdnimg.melon.co.kr/cm2/album/images/113/05/759/11305759_20230814111006_500.jpg/melon/resize/120/quality/80/optimize,그대만있다면(여름날우리X너드커넥션(NerdConnection))
36964267,GN0400,https://cdnimg.melon.co.kr/cm2/album/images/113/64/565/11364565_20231114112249_500.jpg/melon/resize/120/quality/80/optimize,미워(Ego)
37003911,GN0400,https://cdnimg.melon.co.kr/cm2/album/images/113/72/896/11372896_20231127104957_500.jpg/melon/resize/120/quality/80/optimize,To.X
37023625,GN0100,https://cdnimg.melon.co.kr/cm2/album/images/113/76/816/11376816_20231201120653_500.jpg/melon/resize/120/quality/80/optimize,비의랩소디
37069064,GN0100,https://cdnimg.melon.co.kr/cm2/album/images/113/86/568/11386568_20231218192452_500.jpg/melon/resize/120/quality/80/optimize,슬픈초대장
37125843,GN0400,https://cdnimg.melon.co.kr/cm2/album/images/114/00/015/11400015_20240116162843_500.jpg/melon/resize/120/quality/80/optimize,"YesorNo(Feat.허윤진ofLESSERAFIM,Crush)"
37138469,GN0200,https://cdnimg.melon.co.kr/cm2/album/images/114/02/655/11402655_20240129121016_500.jpg/melon/resize/120/quality/80/optimize,나는아픈건딱질색이니까
37140709,GN0200,https://cdnimg.melon.co.kr/cm2/album/images/113/91/902/11391902_20250922111638_500.jpg/melon/resize/120/quality/80/optimize,첫만남은계획대로되지않아
37145732,GN0100,https://cdnimg.melon.co.kr/cm2/album/images/114/04/142/11404142_20240220141548_500.jpg/melon/resize/120/quality/80/optimize,Lovewinsall
37194943,GN0400,https://cdnimg.melon.co.kr/cm2/album/images/114/15/997/11415997_20240226162412_500.jpg/melon/resize/120/quality/80/optimize,밤양갱
37228861,GN0100,https://cdnimg.melon.co.kr/cm2/album/images/114/21/941/11421941_20240220105008_500.jpg/melon/resize/120/quality/80/optimize,천상연
37347911,GN0200,https://cdnimg.melon.co.kr/cm2/album/images/114/50/069/11450069_20240325110702_500.jpg/melon/resize/120/quality/80/optimize,Magnetic
37373808,GN0400,https://cdnimg.melon.co.kr/cm2/album/images/114/54/802/11454802_20240401174250_500.jpg/melon/resize/120/quality/80/optimize,SHEESH
37375706,GN0100,https://cdnimg.melon.co.kr/cm2/album/images/114/55/285/11455285_20240401151801_500.jpg/melon/resize/120/quality/80/optimize,청혼하지않을이유를못찾았어
37390939,GN0100,https://cdnimg.melon.co.kr/cm2/album/images/114/59/325/11459325_20240405171054_500.jpg/melon/resize/120/quality/80/optimize,소나기
37460832,GN0300,https://cdnimg.melon.co.kr/cm2/album/images/114/74/894/11474894_20240426103349_500.jpg/melon/resize/120/quality/80/optimize,SPOT!(feat.JENNIE)
37524037,GN0200,https://cdnimg.melon.co.kr/cm2/album/images/114/87/023/11487023_20240527154018_500.jpg/melon/resize/120/quality/80/optimize,Supernova
37563682,GN0200,https://cdnimg.melon.co.kr/cm2/album/images/114/75/749/11475749_20240524105642_500.jpg/melon/resize/120/quality/80/optimize,HowSweet
37657039,GN0300,https://cdnimg.melon.co.kr/cm2/album/images/115/17/951/11517951_20240620173412_500.jpg/melon/resize/120/quality/80/optimize,Smallgirl(feat.도경수(D.O.))
37659315,GN0400,https://cdnimg.melon.co.kr/cm2/album/images/115/18/346/11518346_20240621103409_500.jpg/melon/resize/120/quality/80/optimize,내가그댈
37884934,GN0200,https://cdnimg.melon.co.kr/cm2/album/images/115/64/698/11564698_20240812100922_500.jpg/melon/resize/120/quality/80/optimize,Supersonic
38068560,GN0300,https://cdnimg.melon.co.kr/cm2/album/images/116/07/747/11607747_20241015110919_500.jpg/melon/resize/120/quality/80/optimize,Igloo
38077932,GN0200,https://cdnimg.melon.co.kr/cm2/album/images/116/10/170/11610170_20241008143002_500.jpg/melon/resize/120/quality/80/optimize,UP(KARINASolo)
38104031,GN0100,https://cdnimg.melon.co.kr/cm2/album/images/116/16/312/11616312_20241015135802_500.jpg/melon/resize/120/quality/80/optimize,내게사랑이뭐냐고물어본다면
38120327,GN0200,https://cdnimg.melon.co.kr/cm2/album/images/116/19/809/11619809_20241018103507_500.jpg/melon/resize/120/quality/80/optimize,APT.
38123332,GN0200,https://cdnimg.melon.co.kr/cm2/album/images/116/20/540/11620540_20241018183208_500.jpg/melon/resize/120/quality/80/optimize,Whiplash
38123338,GN0100,https://cdnimg.melon.co.kr/cm2/album/images/116/20/541/11620541_20241018183253_500.jpg/melon/resize/120/quality/80/optimize,나는반딧불
38161297,GN0200,https://cdnimg.melon.co.kr/cm2/album/images/116/29/208/11629208_20241101103249_500.jpg/melon/resize/120/quality/80/optimize,DRIP
38161299,GN0400,https://cdnimg.melon.co.kr/cm2/album/images/116/29/208/11629208_20241101103249_500.jpg/melon/resize/120/quality/80/optimize,ReallyLikeYou
38164895,GN0300,https://cdnimg.melon.co.kr/cm2/album/images/116/30/124/11630124_20241031100530_500.jpg/melon/resize/120/quality/80/optimize,PO￦ER
38229421,GN0300,https://cdnimg.melon.co.kr/cm2/album/images/116/44/819/11644819_20241119121510_500.jpg/melon/resize/120/quality/80/optimize,Skrr(feat.지젤ofaespa)
38242510,GN0300,https://cdnimg.melon.co.kr/cm2/album/images/116/47/670/11647670_20241121150855_500.jpg/melon/resize/120/quality/80/optimize,"HOMESWEETHOME(feat.태양,대성)"
38388023,GN0400,https://cdnimg.melon.co.kr/cm2/album/images/116/76/806/11676806_20241223190316_500.jpg/melon/resize/120/quality/80/optimize,시작의아이
38426197,GN0200,https://cdnimg.melon.co.kr/cm2/album/images/116/85/070/11685070_20250106111631_500.jpg/melon/resize/120/quality/80/optimize,오늘만ILOVEYOU
38429074,GN0100,https://cdnimg.melon.co.kr/cm2/album/images/116/85/729/11685729_20250106160640_500.jpg/melon/resize/120/quality/80/optimize,모르시나요(PROD.로코베리)
38444825,GN0200,https://cdnimg.melon.co.kr/cm2/album/images/116/89/783/11689783_20250203110601_500.jpg/melon/resize/120/quality/80/optimize,REBELHEART
38516958,GN0200,https://cdnimg.melon.co.kr/cm2/album/images/116/89/783/11689783_20250203110601_500.jpg/melon/resize/120/quality/80/optimize,ATTITUDE
38560939,GN0200,https://cdnimg.melon.co.kr/cm2/album/images/117/15/826/11715826_20250324115745_500.jpg/melon/resize/120/quality/80/optimize,IDOME
38565554,GN0400,https://cdnimg.melon.co.kr/cm2/album/images/117/16/807/11716807_20250217142658_500.jpg/melon/resize/120/quality/80/optimize,춘몽
38583620,GN0100,https://cdnimg.melon.co.kr/cm2/album/images/117/20/961/11720961_20250221135403_500.jpg/melon/resize/120/quality/80/optimize,MYLOVE(2025)
38583704,GN0200,https://cdnimg.melon.co.kr/cm2/album/images/117/20/981/11720981_20250221140928_500.jpg/melon/resize/120/quality/80/optimize,TheChase
38589554,GN0300,https://cdnimg.melon.co.kr/cm2/album/images/117/22/169/11722169_20250224160403_500.jpg/melon/resize/120/quality/80/optimize,TOOBAD(feat.Anderson.Paak)
38629386,GN0200,https://cdnimg.melon.co.kr/cm2/album/images/117/30/946/11730946_20250307173452_500.jpg/melon/resize/120/quality/80/optimize,likeJENNIE
38635449,GN0100,https://cdnimg.melon.co.kr/cm2/album/images/117/32/247/11732247_20250313092931_500.jpg/melon/resize/120/quality/80/optimize,Flower
38660167,GN0200,https://cdnimg.melon.co.kr/cm2/album/images/117/38/155/11738155_20250314101906_500.jpg/melon/resize/120/quality/80/optimize,HOT
38666852,GN0300,https://cdnimg.melon.co.kr/cm2/album/images/117/39/571/11739571_20250317113503_500.jpg/melon/resize/120/quality/80/optimize,"19금LOV3(Feat.BryanChase,Okasian)"
38725275,GN0700,https://cdnimg.melon.co.kr/cm2/album/images/117/54/110/11754110_20250327155523_500.jpg/melon/resize/120/quality/80/optimize,금수저
38733032,GN0100,https://cdnimg.melon.co.kr/cm2/album/images/117/56/010/11756010_20250331135525_500.jpg/melon/resize/120/quality/80/optimize,어제보다슬픈오늘
38865745,GN0200,https://cdnimg.melon.co.kr/cm2/album/images/117/89/552/11789552_20250512154752_500.jpg/melon/resize/120/quality/80/optimize,HANDSUP
39051429,GN0100,https://cdnimg.melon.co.kr/cm2/album/images/118/31/781/11831781_20250526162725_500.jpg/melon/resize/120/quality/80/optimize,NeverEndingStory
39116012,GN0200,https://cdnimg.melon.co.kr/cm2/album/images/118/47/505/11847505_20250616145148_500.jpg/melon/resize/120/quality/80/optimize,빌려온고양이(DotheDance)
39121279,GN0200,https://cdnimg.melon.co.kr/cm2/album/images/118/48/758/11848758_20250627112959_500.jpg/melon/resize/120/quality/80/optimize,DirtyWork
39156202,GN0200,https://cdnimg.melon.co.kr/cm2/album/images/118/57/160/11857160_20250623154620_500.jpg/melon/resize/120/quality/80/optimize,FAMOUS
39161085,GN0200,https://cdnimg.melon.co.kr/cm2/album/images/118/58/555/11858555_20250618105530_500.jpg/melon/resize/120/quality/80/optimize,STYLE
39180051,GN0300,https://cdnimg.melon.co.kr/cm2/album/images/118/57/160/11857160_20250623154620_500.jpg/melon/resize/120/quality/80/optimize,WICKED
39217028,GN0700,https://cdnimg.melon.co.kr/cm2/album/images/118/71/655/11871655_20250627182901_500.jpg/melon/resize/120/quality/80/optimize,녹아버려요
39298775,GN0200,https://cdnimg.melon.co.kr/cm2/album/images/118/90/480/11890480_20250711095238_500.jpg/melon/resize/120/quality/80/optimize,뛰어(JUMP)
39307948,GN0200,https://cdnimg.melon.co.kr/cm2/album/images/118/91/198/11891198_20250714145747_500.jpg/melon/resize/120/quality/80/optimize,멸종위기사랑
39329233,GN0700,https://cdnimg.melon.co.kr/cm2/album/images/119/00/833/11900833_20250716151405_500.jpg/melon/resize/120/quality/80/optimize,어제도너였고오늘도너여서
39430660,GN0100,https://cdnimg.melon.co.kr/cm2/album/images/119/45/858/11945858_20250725140649_500.jpg/melon/resize/120/quality/80/optimize,운명(2025)
39566906,GN0400,https://cdnimg.melon.co.kr/cm2/album/images/120/12/550/12012550_20250807172740_500.jpg/melon/resize/120/quality/80/optimize,시작의아이❍
39577662,GN0300,https://cdnimg.melon.co.kr/cm2/album/images/120/18/296/12018296_20250908155548_500.jpg/melon/resize/120/quality/80/optimize,GO!
39693013,GN0200,https://cdnimg.melon.co.kr/cm2/album/images/120/69/062/12069062_20250822173822_500.jpg/melon/resize/120/quality/80/optimize,XOXZ
39721328,GN0100,https://cdnimg.melon.co.kr/cm2/album/images/120/75/661/12075661_20250826180135_500.jpg/melon/resize/120/quality/80/optimize,한번더이별
39765725,GN0300,https://cdnimg.melon.co.kr/cm2/album/images/120/83/192/12083192_20250828155052_500.jpg/melon/resize/120/quality/80/optimize,답장을보낸지
39765727,GN0100,https://cdnimg.melon.co.kr/cm2/album/images/120/83/192/12083192_20250828155052_500.jpg/melon/resize/120/quality/80/optimize,순간을영원처럼
39765728,GN0100,https://cdnimg.melon.co.kr/cm2/album/images/120/83/192/12083192_20250828155052_500.jpg/melon/resize/120/quality/80/optimize,들꽃이될게요
39765731,GN0200,https://cdnimg.melon.co.kr/cm2/album/images/120/83/192/12083192_20250828155052_500.jpg/melon/resize/120/quality/80/optimize,그댈위한멜로디
39765732,GN0700,https://cdnimg.melon.co.kr/cm2/album/images/120/83/192/12083192_20250828155052_500.jpg/melon/resize/120/quality/80/optimize,돌아보지마세요
39765735,GN0700,https://cdnimg.melon.co.kr/cm2/album/images/120/83/192/12083192_20250828155052_500.jpg/melon/resize/120/quality/80/optimize,우리에게안녕
600024643,GN0200,https://cdnimg.melon.co.kr/cm2/album/images/120/98/784/12098784_20250904164935_500.jpg/melon/resize/120/quality/80/optimize,RichMan
600035196,GN0100,https://cdnimg.melon.co.kr/cm2/album/images/121/00/657/12100657_20250905152409_500.jpg/melon/resize/120/quality/80/optimize,가만히눈을감고
600057428,GN0200,https://cdnimg.melon.co.kr/cm2/album/images/121/04/397/12104397_20250908152939_500.jpg/melon/resize/120/quality/80/optimize,body
600236102,GN0700,https://cdnimg.melon.co.kr/cm2/album/images/121/47/955/12147955_20251001183351_500.jpg/melon/resize/120/quality/80/optimize,당신이야기
600243411,GN0200,https://cdnimg.melon.co.kr/cm2/album/images/121/49/391/12149391_20251013150421_500.jpg/melon/resize/120/quality/80/optimize,BlueValentine
600266347,GN0300,https://cdnimg.melon.co.kr/cm2/album/images/121/54/509/12154509_20251010104053_500.jpg/melon/resize/120/quality/80/optimize,WEGOUP
600280518,GN0200,https://cdnimg.melon.co.kr/cm2/album/images/121/28/505/12128505_20251013154004_500.jpg/melon/resize/120/quality/80/optimize,OVERDRIVE
600287375,GN0100,https://cdnimg.melon.co.kr/cm2/album/images/121/60/000/12160000_20251014164646_500.jpg/melon/resize/120/quality/80/optimize,GoodGoodbye
600299706,GN0100,https://cdnimg.melon.co.kr/cm2/album/images/121/63/032/12163032_20251015164500_500.jpg/melon/resize/120/quality/80/optimize,타임캡슐
600318353,GN0200,https://cdnimg.melon.co.kr/cm2/album/images/121/67/414/12167414_20251020102249_500.jpg/melon/resize/120/quality/80/optimize,HollywoodAction
600320356,GN0200,https://cdnimg.melon.co.kr/cm2/album/images/121/31/538/12131538_20251020145034_500.jpg/melon/resize/120/quality/80/optimize,FOCUS
600354699,GN0200,https://cdnimg.melon.co.kr/cm2/album/images/121/75/901/12175901_20251024094040_500.jpg/melon/resize/120/quality/80/optimize,SPAGHETTI(feat.j-hopeofBTS)
600359330,GN0100,https://cdnimg.melon.co.kr/cm2/album/images/121/76/812/12176812_20251024184132_500.jpg/melon/resize/120/quality/80/optimize,달리표현할수없어요
600447153,GN0100,https://cdnimg.melon.co.kr/cm2/album/images/121/97/269/12197269_20251106160244_500.jpg/melon/resize/120/quality/80/optimize,나였으면
600453893,GN0700,https://cdnimg.melon.co.kr/cm2/album/images/121/98/973/12198973_20251107143649_500.jpg/melon/resize/120/quality/80/optimize,얄미운사람
600467291,GN0400,https://cdnimg.melon.co.kr/cm2/album/images/122/00/862/12200862_20251110101649_500.jpg/melon/resize/120/quality/80/optimize,BBUU!
600493407,GN0100,https://cdnimg.melon.co.kr/cm2/album/images/122/07/729/12207729_20251112172211_500.jpg/melon/resize/120/quality/80/optimize,그래늦지않았어(2025)
600513208,GN0200,https://cdnimg.melon.co.kr/cm2/album/images/123/92/184/12392184_20251208133705_500.jpg/melon/resize/120/quality/80/optimize,ONEMORETIME
600551548,GN0200,https://cdnimg.melon.co.kr/cm2/album/images/124/02/595/12402595_20251121154956_500.jpg/melon/resize/120/quality/80/optimize,NOTCUTEANYMORE
600585711,GN0300,https://cdnimg.melon.co.kr/cm2/album/images/124/11/258/12411258_20251127104301_500.jpg/melon/resize/120/quality/80/optimize,KARMACOLLECTOR
600604262,GN0200,https://cdnimg.melon.co.kr/cm2/album/images/123/92/184/12392184_20251208133705_500.jpg/melon/resize/120/quality/80/optimize,LOOKATME
600604301,GN0300,https://cdnimg.melon.co.kr/cm2/album/images/123/92/184/12392184_20251208133705_500.jpg/melon/resize/120/quality/80/optimize,WHEREYOUAT
600607173,GN0200,https://cdnimg.melon.co.kr/cm2/album/images/124/16/920/12416920_20251201175734_500.jpg/melon/resize/120/quality/80/optimize,하얀그리움
600637302,GN0400,https://cdnimg.melon.co.kr/cm2/album/images/124/24/612/12424612_20251205121256_500.jpg/melon/resize/120/quality/80/optimize,BBUU!(ChristmasVer.)
600668850,GN0100,https://cdnimg.melon.co.kr/cm2/album/images/124/32/731/12432731_20251210173953_500.jpg/melon/resize/120/quality/80/optimize,365일
600727012,GN0300,https://cdnimg.melon.co.kr/cm2/album/images/124/46/979/12446979_20251218145542_500.jpg/melon/resize/120/quality/80/optimize,DUET
600770112,GN0700,https://cdnimg.melon.co.kr/cm2/album/images/124/54/144/12454144_20251223151549_500.jpg/melon/resize/120/quality/80/optimize,마지막연인
600791036,GN0700,https://cdnimg.melon.co.kr/cm2/album/images/124/58/319/12458319_20251226151549_500.jpg/melon/resize/120/quality/80/optimize,첫눈에반해버린사람아
600791038,GN0100,https://cdnimg.melon.co.kr/cm2/album/images/124/58/320/12458320_20251226151630_500.jpg/melon/resize/120/quality/80/optimize,이밤을빌려말해요
600796741,GN0400,https://cdnimg.melon.co.kr/cm2/album/images/124/59/757/12459757_20251229151039_500.jpg/melon/resize/120/quality/80/optimize,Closetoyou
600822432,GN0200,https://cdnimg.melon.co.kr/cm2/album/images/124/64/999/12464999_20260102175448_500.jpg/melon/resize/120/quality/80/optimize,LoveMeMore
600831293,GN0400,https://cdnimg.melon.co.kr/cm2/album/images/124/67/422/12467422_20260105200341_500.jpg/melon/resize/120/quality/80/optimize,아웅다웅(feat.TimeFeveR(타임피버))
600839418,GN0700,https://cdnimg.melon.co.kr/cm2/album/images/124/69/553/12469553_20260106165625_500.jpg/melon/resize/120/quality/80/optimize,나를살게하는사랑
600844825,GN0400,https://cdnimg.melon.co.kr/cm2/album/images/124/71/189/12471189_20260108174118_500.jpg/melon/resize/120/quality/80/optimize,LIE(2026ver.)
600884416,GN0300,https://cdnimg.melon.co.kr/cm2/album/images/124/49/287/12449287_20260113113717_500.jpg/melon/resize/120/quality/80/optimize,"Moonwalkin\""
600906238,GN0400,https://cdnimg.melon.co.kr/cm2/album/images/126/01/479/12601479_20260114163702_500.jpg/melon/resize/120/quality/80/optimize,Promise
600906246,GN0100,https://cdnimg.melon.co.kr/cm2/album/images/126/01/479/12601479_20260114163702_500.jpg/melon/resize/120/quality/80/optimize,Daydream
601013499,GN0200,https://cdnimg.melon.co.kr/cm2/album/images/128/06/237/12806237_20260126145002_500.jpg/melon/resize/120/quality/80/optimize,404(NewEra)
601066545,GN0200,https://cdnimg.melon.co.kr/cm2/album/images/128/15/838/12815838_20260126161140_500.jpg/melon/resize/120/quality/80/optimize,Mono(Feat.skaiwater)
601140223,GN0400,https://cdnimg.melon.co.kr/cm2/album/images/128/25/166/12825166_20260128175246_500.jpg/melon/resize/120/quality/80/optimize,안될사람
601210459,GN0300,https://cdnimg.melon.co.kr/cm2/album/images/128/37/742/12837742_20260203174530_500.jpg/melon/resize/120/quality/80/optimize,"YinandYang(FANXYCHILDVer.)(Feat.DEAN,PENOMECO)"
601237102,GN0200,https://cdnimg.melon.co.kr/cm2/album/images/128/45/274/12845274_20260223113048_500.jpg/melon/resize/120/quality/80/optimize,BANGBANG
601254998,GN0200,https://cdnimg.melon.co.kr/cm2/album/images/128/48/589/12848589_20260209102825_500.jpg/melon/resize/120/quality/80/optimize,다시만난오늘
601273149,GN0700,https://cdnimg.melon.co.kr/cm2/album/images/128/52/664/12852664_20260210173431_500.jpg/melon/resize/120/quality/80/optimize,독백
601273260,GN0100,https://cdnimg.melon.co.kr/cm2/album/images/128/52/685/12852685_20260210173932_500.jpg/melon/resize/120/quality/80/optimize,끝사랑
601305562,GN0700,https://cdnimg.melon.co.kr/cm2/album/images/128/61/958/12861958_20260213161134_500.jpg/melon/resize/120/quality/80/optimize,무(無)
601305563,GN0700,https://cdnimg.melon.co.kr/cm2/album/images/128/61/958/12861958_20260213161134_500.jpg/melon/resize/120/quality/80/optimize,기도
601305564,GN0700,https://cdnimg.melon.co.kr/cm2/album/images/128/61/958/12861958_20260213161134_500.jpg/melon/resize/120/quality/80/optimize,아름다운인생이야기
601305566,GN0700,https://cdnimg.melon.co.kr/cm2/album/images/128/61/958/12861958_20260213161134_500.jpg/melon/resize/120/quality/80/optimize,안녕이란슬픈말
601305567,GN0700,https://cdnimg.melon.co.kr/cm2/album/images/128/61/958/12861958_20260213161134_500.jpg/melon/resize/120/quality/80/optimize,애간장
601305568,GN0700,https://cdnimg.melon.co.kr/cm2/album/images/128/61/958/12861958_20260213161134_500.jpg/melon/resize/120/quality/80/optimize,만물트럭
601305569,GN0700,https://cdnimg.melon.co.kr/cm2/album/images/128/61/958/12861958_20260213161134_500.jpg/melon/resize/120/quality/80/optimize,초대장
601332163,GN0200,https://cdnimg.melon.co.kr/cm2/album/images/128/69/629/12869629_20260219143819_500.jpg/melon/resize/120/quality/80/optimize,RUDE!
601356371,GN0200,https://cdnimg.melon.co.kr/cm2/album/images/128/45/274/12845274_20260223113048_500.jpg/melon/resize/120/quality/80/optimize,BLACKHOLE
601356377,GN0200,https://cdnimg.melon.co.kr/cm2/album/images/128/45/274/12845274_20260223113048_500.jpg/melon/resize/120/quality/80/optimize,Odd(GAEULSolo)
601358454,GN0100,https://cdnimg.melon.co.kr/cm2/album/images/128/75/615/12875615_20260223154516_500.jpg/melon/resize/120/quality/80/optimize,미친사랑의노래
601375942,GN0700,https://cdnimg.melon.co.kr/cm2/album/images/128/78/847/12878847_20260224154825_500.jpg/melon/resize/120/quality/80/optimize,시절인연
601375944,GN0700,https://cdnimg.melon.co.kr/cm2/album/images/128/78/847/12878847_20260224154825_500.jpg/melon/resize/120/quality/80/optimize,사랑참
601379618,GN0100,https://cdnimg.melon.co.kr/cm2/album/images/128/79/655/12879655_20260224184739_500.jpg/melon/resize/120/quality/80/optimize,눈을감아도(2026)
601412016,GN0200,https://cdnimg.melon.co.kr/cm2/album/images/128/87/758/12887758_20260227110539_500.jpg/melon/resize/120/quality/80/optimize,GO
601412017,GN0300,https://cdnimg.melon.co.kr/cm2/album/images/128/87/758/12887758_20260227110539_500.jpg/melon/resize/120/quality/80/optimize,19금Meandmy
601412018,GN0300,https://cdnimg.melon.co.kr/cm2/album/images/128/87/758/12887758_20260227110539_500.jpg/melon/resize/120/quality/80/optimize,Champion
601413190,GN0300,https://cdnimg.melon.co.kr/cm2/album/images/128/88/297/12888297_20260227144041_500.jpg/melon/resize/120/quality/80/optimize,ROBOT
